{
  "run_id": "20260414_200057",
  "generated_at": "2026-05-11T09:57:01.999769+00:00",
  "bins": 16,
  "input_paths": {
    "pairs_stage1_probe": "safe_rl_output\\runs\\20260414_200057\\datasets\\pairs_stage1_probe.pkl",
    "stage1_probe_events": "safe_rl_output\\runs\\20260414_200057\\reports\\stage1_probe_events.json",
    "stage1_probe_summary": "safe_rl_output\\runs\\20260414_200057\\reports\\stage1_probe_summary.json"
  },
  "files": {
    "target_risk_hist_ecdf": "qualitative_results\\stage1_data_audit\\20260414_200057\\target_risk_hist_ecdf.png",
    "target_risk_bin_occupancy": "qualitative_results\\stage1_data_audit\\20260414_200057\\target_risk_bin_occupancy.png",
    "target_risk_trusted_vs_all_bin_occupancy": "qualitative_results\\stage1_data_audit\\20260414_200057\\target_risk_trusted_vs_all_bin_occupancy.png",
    "candidate_risk_hist": "qualitative_results\\stage1_data_audit\\20260414_200057\\candidate_risk_hist.png",
    "candidate_bin_occupancy": "qualitative_results\\stage1_data_audit\\20260414_200057\\candidate_bin_occupancy.png",
    "pair_target_gap_hist": "qualitative_results\\stage1_data_audit\\20260414_200057\\pair_target_gap_hist.png",
    "pair_bin_heatmap": "qualitative_results\\stage1_data_audit\\20260414_200057\\pair_bin_heatmap.png"
  },
  "pair_count": 809,
  "candidate_count": 21600,
  "preferred_a": 404,
  "preferred_b": 405,
  "tie_like": 0,
  "missing_target_risk_count": 0,
  "pairs_dropped_small_gap": 85212,
  "pairs_kept_strong_signal": 603,
  "pairs_capped_by_budget": 420,
  "pairs_boundary_appended": 41,
  "target_risk_q01": 0.6395748257637024,
  "target_risk_q10": 0.7147120237350464,
  "target_risk_q50": 0.8673592209815979,
  "target_risk_q90": 1.0,
  "target_risk_q99": 1.0,
  "pair_all_bin_nonempty": 6,
  "pair_all_bin_effective": 4.59339909955931,
  "pair_all_bin_entropy": 1.5246202945709229,
  "pair_all_bin_occupancy": [
    0.0,
    0.0,
    0.0,
    0.0,
    0.0,
    0.0,
    0.0,
    0.0,
    0.0,
    0.0,
    0.055006179958581924,
    0.1687268167734146,
    0.1631644070148468,
    0.12855376303195953,
    0.04697157070040703,
    0.4375772476196289
  ],
  "pair_trusted_bin_nonempty": 6,
  "pair_trusted_bin_effective": 4.281667787563193,
  "pair_trusted_bin_entropy": 1.4543426036834717,
  "pair_trusted_bin_occupancy": [
    0.0,
    0.0,
    0.0,
    0.0,
    0.0,
    0.0,
    0.0,
    0.0,
    0.0,
    0.0,
    0.0621931254863739,
    0.17348608374595642,
    0.1407528668642044,
    0.09574468433856964,
    0.03927987068891525,
    0.4885433614253998
  ],
  "candidate_bin_nonempty": 7,
  "candidate_bin_effective": 1.3888986418599327,
  "candidate_bin_entropy": 0.3285110890865326,
  "candidate_bin_occupancy": [
    0.0,
    0.0,
    0.0,
    0.0,
    0.0,
    0.0,
    0.0,
    0.0,
    0.0,
    0.00041666667675599456,
    0.004583333153277636,
    0.010231481865048409,
    0.015092592686414719,
    0.012083332985639572,
    0.019583333283662796,
    0.9380092620849609
  ],
  "target_gap_q50": 0.19696800410747528,
  "target_gap_q90": 0.3058725893497467
}